headline,label
'미국발 훈풍·공매도 연기' 코스피 UP...개인 매수세 활발,0
"[특징주] 신테카바이오, 아크토리스와 코로나19 치료제 발굴 소식에 '강세'",1
"[특징주] 제노포커스, 코로나 진단키트 효소 국산화 성공 소식에 상한가",1
"넥스틴, 증권신고서 제출...""10월 코스닥 상장 예정""",0
"코스피, 개미 매수세에 2350선…상승폭은 제한적",-1
'미국발 훈풍·공매도 연기' 코스피 UP...개인 순매수 강화,0
"[특장주]바이오리더스, 대규모 유상증자 결정에 '급락'",-1
"[특징주] 바이오리더스, 대규모 유상증자 소식에 급락",-1
코로나19 확산세 주시…원/달러 환율 강보합 출발,0
"[특징주]두산중공업, 장중 52주 신고가 경신",1
"[특징주]이수앱지스, ESMO 임상 결과 발표 기대감에 급등세",1
"[특징주]한화솔루션, 52주 신고가…포르투갈 태양광 발전 사업 수주",1
"코스피, 개장 초반 강세…2,350대 유지(종합)",1
"[특징주] 파트론, 증권가 호평에 '강세'",1
"세종시, 행복도시 4-2생활권 M2블록, 청약 9월 7일부터 시작",0
"[특징주] 바이오리더스, 유상증자 소식에 15% 급락",-1
[특징주] 코로나19 방역조치 추가 시사…물류株 급등,1
"[특징주] 코오롱글로벌, 코로나 재확산 속 '음압병동 설립' 소식에 강세",1
"[특징주] 부광약품, 코로나19 재확산 우려 속 치료제 특허 기대감에 '강세'",0
"[특징주]RFHIC, 연말부터 美·인도향 매출 성장 기대에 ‘강세’",1
"제넨바이오, 세계 최초 WHO 기준 이종장기 이식 임상 추진",1
"[특징주] 시스웍, 6거래일 연속 상한가 후 급락 전환",-1
"KSD나눔재단, ‘꿈이룸 장학사업’ 신규 장학생 25명 선발",0
"[특징주] SK이노베이션, '배터리 특허 패소' 소식에 약세",-1
"[특징주] 삼성중공업, '전날 하락세' 끊고 다시 반등",-1
"[특징주] 이스트아시아홀딩스, 상폐 위기 몰렸다가 두번째 상한가",0
[특징주] 코로나19에 물류·제지주 강세,1
코로나19 속 대마초 시장 급성장?…다시 관심받는 마리화나ETF,1
"신한BNP파리바자산운용, 신한BNPP시니어론 4호 펀드 6,900억원 약정",0
"[특징주] 제노포커스, 코로나19 진단키트 필수 효소 개발에 3연상",0
"SK하이닉스, 반도체 가격 인하에도 반등 기대 '매수'- KB증권",1
코로나19 속 대마초 시장 급성장...? 다시 관심받는 마리화나ETF,1
"[TF시황] '상승곡선' 국내증시···코스피, 2357선 '순항'",1
"[특징주]SKT 5,000억 자사주 취득 밝혔지만...주가는 ‘미지근’",0
"수지 출연작 '배가본드', 셀트리온 작품인 것 아셨나요?",0
"코스피, 개인 매수세에 상승…2362.22 출발",0
"""동학개미 사흘째 사자""…코스피, 공매도 금지 연장에 '상승'",0
"[특징주]파트론, 강세…스마트폰 부품 수요 급반등",1
"사회적 거리두기 2단계 연장…코스피, 상승 출발 `2350선`",0
"코퍼스코리아, 코스닥 상장예비심사 승인…연내 상장",1
"[특징주] 바이오리더스, 대규모 유증 발표에 약세",-1
[특징주] 이스트아시아홀딩스 또 상한가,0
"1년 4개월만에 재개된 이스트아시아홀딩스, 이틀 연속 상한가",0
"코스닥, 개인 '사자'에 상승 출발…'840선'서 등락",0
"미스터블루, 해외발 게임부문 성장 기대-한화",1
"한투증권 ""이천슬라→사백슬라, 수급 측면 모멘텀 지속""",0
"코스피, 미 연준 평균물가안정 목표제 도입에 상승 출발",0
[이슈타임]코로나 장세 속 '언택트' 강세…외국인도 담는다?,1
"SK텔레콤, 5천억원 자사주 취득 결정…""주주가치 제고""",0
"코스피, 코로나19 재확산 우려 속 강세 출발",-1
"SKT 5천억원 규모 자사주 취득…""주주가치 제고·주가 안정화""",0
"""연준 저금리 기조, 韓증시 외국인 수급 부정적"" -키움증권",-1
"[개장시황] 코스피 개인 순매수...2,350선 상승 출발",0
"[특징주] SK텔레콤, 5000억 자사주 취득… 아직 시장 반영 안됐나? ‘주춤’",0
"[itM-개장시황] 코스피, 전일 대비 17.77p(0.76%) 오른 2362.22로 개장",0
"RFHIC, 연말부터 미국·인도향 매출 증가 전망…목표가↑-하나",1
달러-엔 106.750엔(09시10분 현재),0
"코스피, 상승 출발…2,350대",0
코스피 0.7% 상승 2360선 출발…코스닥 0.6%↑(2보),1
"[업종공략] 해상풍력발전, 정유, 코오롱글로벌",0
"유진투자證 ""영풍정밀, 안정적인 본업과 풍부한 현금 보유""",1
"[시황]코스피 2362.22(▲0.76%), 코스닥 841.76(▲0.64%), 원·달러 환율 1186.3원(▲1.3원) 개장",0
"IBK證 ""공매도 금지 연장, 개인 수급에 긍정적·외인 수급엔 부정적""",0
"네오위즈, 웹보드 규제완화 효과로 성장-신한금투",1
"코스피, 17.77p 오른 2362.22 출발(0.76%↑)",1
[달러/원] 환율 1.3원 오른 1186.3원 출발,0
[코스닥] 5.36p(0.64%) 오른 841.76 출발,0
"[스팟]코스닥, 5.36p(0.64%) 오른 841.76 출발",0
[코스닥(개장)] 5.36포인트(0.64%) 오른 841.76 출발,0
"[코스피(개장)] 17.77포인트(0.76%) 오른 2,362.22 출발",0
[코스피] 17.77p(0.76%) 오른 2362.22 출발,0
카카오게임즈 공모주 청약 '눈길'… 기관 수요예측서 대흥행,1
"코스닥, 5.36포인트 오른 842.18 개장",0
디램 현물 가격 하락 멈췄다..반도체 업황 바닥 찍나,-1
"코스닥, 5.36p 오른 841.76 출발(0.64%↑)",1
"코스피, 17.77p(0.76%) 오른 2362.22 출발, 원/달러 환율 1.3원 오른 1186.3원 출발",0
"코스피, 17.77포인트 오른 2362.22 개장",0
"[뉴욕증시]연준, 평균물가목표제 도입…금융·부동산주 강세",1
"[스팟]코스닥, 5.36p(0.64%) 오른 841.76 마감",0
"[스팟]코스피, 17.77p(0.76%) 오른 2362.22 출발",0
"[외환] 원/달러 환율 1.3원 오른 1,186.3원(개장)",0
[출발]코스닥 상승..841.76(+0.64%),0
[출발]코스피 개인 98억 순매수,0
[출발]코스피 기관 55억 순매도,0
[출발]코스피 상승..2362.22(+0.76%),0
[출발]코스피 외국인 33억 순매도,0
[출발]프로그램 110억 매도우위,1
[출발]환율 상승..1186.3(+1.3원),0
[코스닥] 5.36p(0.64%) 오른 841.76(개장),0
"[코스피] 17.77p(0.76%) 오른 2,362.22(개장)",0
[표]해외 DR 가격(8월 27일),0
"LG화학, 하반기 석유화학 부문 성장 예상…목표가 16%↑-이베스트",1
Microsoft 폴더블폰 경쟁 뛰어들어···..내달 폴더블폰 ‘서피스 듀오’ 출시,1
"코스피, 17.77p 오른 2362.33 출발(0.76%↑)",1
"한국투자 ""네이버, 비대면 수혜 대표기업…목표가↑""",1
"한화證 ""미스터블루, 만화·게임 부문 해외서 성장 전망""",1
日증시 상승 출발..닛케이 23232.30(+0.10%),0
[출발]국채선물 하락..112.02 -5틱,-1
[출발]지수선물 상승..313.25(+2.45p),0
[표]해외 주요 증시 동향(8월 27일),0
"넷마블, 정상궤도 오른 실적…현재 주가는 부담-현대차證",0
"""공매도 금지 연장, 증시 큰 영향 없어"" -IBK증권",0
"""LG화학, 글로벌 배터리 1위 점유율 고려…목표가↑""-유진투자증권",1
[오늘장 미리보기] 비중 축소보다 확대…언택트 관심 유효,0
[외환브리핑]달러 반등 속 코로나19 확산세 주시,0
"""연준 ATI 영향…저금리 기댄 산업 약세 가능성""",-1
"""연준 평균물가목표제 도입, 채권보다 주식에 긍정적""",1
"""하이트진로, 하반기도 양호한 실적흐름 예상""?IBK투자",1
[객장의시선]오늘 장 '상승' 전망…섹터별 순환매 지속 예상,0
"[클릭 e종목]""미스터블루, 해외 매출 성장 기대…기업가치 제고""",1
"IBK투자증권 ""하이트진로, 하반기 실적도 양호...목표주가 유지""",1
"SKT, 5000억 규모 자사주 매입",0
"유진證 ""공항 면세점 임대료 문제 해결…실적 개선 예상""",-1
"파트론, 카메라도 신사업도 좋다…목표가↑ -신한",1
"현대차證 ""넷마블, 정상에 올라온 실적…목표가↑""",1
"아베 총리, 오늘 오후 기자회견…""사임 시 엔화 강세 예상""",1
"신한금투, 라임펀드 판매액 반환키로…""분조위 판단한 사실관계는 인정 못해""",0
"미래에셋대우 ""엔씨소프트, 최근 하락했지만 46% 상승여력""",-1
"금화피에스시, 하반기 성장세 지속 전망 '매수'- 하나",1
"[빅데이터MSI]시장심리 톱5, 네이버·카카오·현대차·KB금융·현대제철",0
"네오위즈, 웹보드 호실적·신작 기대…저가매수 기회-신한",1
"현대홈쇼핑, 3분기 실적 턴어라운드 예상-유안타證",0
"[STOCK] 한국항공우주, 코로나 영향 민항기 수요 감소… 목표주가↓",-1
[국제유가]나흘만에 하락...WTI 0.8%↓,-1
[마켓브리핑] 코로나19·최저임금 상승 부담↑···코리아세븐 1000억원 장기CP 발행,-1
"RFHIC, 4분기 미국·인도 매출증가 가능성 ‘매수’-하나",1
"미래에셋대우, 라임펀드 판매금액 91억원 모두 투자자에 반환키로",1
“넷마블 실적 정상 궤도 올라왔다...목표가↑”,1
"미스터블루, 하반기 자체 웹툰+해외 게임 매출…주가 우상향 기대",1
"바이오리더스, 450억원 규모 유상증자 결정…“신약개발 임상비용 확보”",0
"""올해 경제성장률 -1.3%보다 더 내려갈 것""",1
"[Hot-Line] ""에스티팜, 예상 뛰어 넘는 규모의 올리고핵산 증설""…목표가↑",1
"천보, 3년간 실적 성장은 확실…목표가 43%↑-신한",1
"희림, 그린 리모델링·스마트 의료 인프라 수혜주-SK",1
"[시그널] SKT, 5,000억원 규모 자사주 매입···""주주가치 제고""",0
[뉴욕증시]연준 평균물가목표 채택에도 혼조세 마감,0
"하이트진로, 코로나19에도 '테라·진로이즈백' 판매 급증-IBK투자증권",1
"이베스트證 ""LG화학, PVC·ABS 수요에 실적호조 전망…목표가↑""",1
"[시그널] SKT, 5000억원 규모 자사주 매입···""주주가치 제고""",0
"美연준, 정책전환 '천명'…물가 올라도 당분간 제로금리",0
"""LG화학, 하반기 실적 개선 기대.. 목표가↑"" -이베스트투자증권",1
"넷마블, 2분기 호실적에도 현 주가는 부담…투자의견↓-현대차증권",0
“하이트진로 올 하반기도 호실적 계속된다”,0
"삼성생명, 손해율 정상화·금융시장 회복…목표가↑-현대차",1
"'제2 따상' 예고 카카오게임즈, 공모주 돌풍 다시 일으킨다",1
"넷마블, 2Q 호실적..카카오게임즈 등 투자가치 부각-현대차증권",1
"한국항공우주, 실적·수주 전망 악화에 목표가↓-현대차",1
"""5년간 제로금리 유지될 수도""…'슈퍼 비둘기'가 된 美연준",0
"""LG, 2분기 실적 기대치 부합…목표가 ↑""-KB증권",1
"[Hot-Line] ""영풍정밀, 순현금·보유지분 합하면 현 시총의 1.7배…절대 저평가""",0
"KB증권 ""SK하이닉스, 실적 우려보다 내년 실적에 초점 맞춰야""",-1
"SK텔레콤, 5000억 규모 자사주 취득 신탁계약 체결",1
"코람코에너지플러스리츠, 31일 상장",0
"""5년간 금리인상 걱정마""…'슈퍼 비둘기'가 된 美연준",0
"[STOCK] LG화학, 석유화학 중심 호실적 기대… 목표가 ↑",1
"[시그널] 넥스틴 상장으로 241억 조달···예상 기업가치 2,433억 제시",0
“네이버 언택트 사회 최대 수혜 기업...목표가↑”,1
"[굿모닝 증시] 경제지표 민감도 낮아진 증시…""유동성 장세 계속된다""",0
"유진투자證 ""LG화학, 공격적인 전기차 시장전망…목표가↑""",1
"""주주 가치 제고 위해""···SKT 5,000억 원 규모의 자사주 매입",0
"공매도 금지 연장..""동학개미 찜할 종목은?""",0
"바이오리더스, 유증으로 '신약개발 자금' 450억원 조달",0
"코람코에너지플러스리츠, 6%대 배당수익+땅값 상승 매력적",0
"현대홈쇼핑, 홈쇼핑 턴어라운드 3Q 호실적 기대-유안타",1
"LG화학, 하반기에도 외형·실적 확대 기대…목표가 97.5만원-이베스트",1
"[27일 주요 크레딧 공시]홈플러스, 단기등급 ‘A2-’로 하향 外",0
"금화피에스시, 2Q 최대실적…성장세 지속 전망-하나",1
"[뉴스새벽배송]연준, '장기 초저금리' 시사에도 나스닥 하락",-1
[빅데이터MSI]27일 오전 주식시장 심리 2단계 '나쁨',0
"[STOCK] 엔씨소프트, 코로나19 재확산에 다시 '주목'…3Q 매출 5500억대",1
"SK텔레콤 자사주 5,000억원 취득 결정",0
"네이버, 비대면 사회구조서 가장 큰 수혜주…목표가 22%↑-한국투자",1
"""코로나 재확산…코스피 거래대금↓ 코스닥↑""",0
"""8월 금통위, 경기부진에도 금리인하 기대는 낮아졌다""",1
"영풍정밀, 주가 절대저평가 상태 -유진투자증권",1
"하이트진로, 테라·진로 판매량 고공행진-IBK",0
[국제유가] 약해진 허리케인 로라 위력에 하락… WTI 0.8%↓,-1
"""하반기 플러스 전환 가능…내수 상반기보다 개선""-키움",0
"현대홈쇼핑, 코로나 재확산세에 합리적 투자 대안-유안타",1
"네이버, 언택트 사회구조 변화에 수혜-한투",1
美 연준 완화 기조 확인..코로나 확산에 언택트 성장주 유효,1
"""네이버, 언택트 수혜 대표기업…목표가↑""-한국투자증권",1
"코람코에너지플러스리츠, 토지가치 상승 기대-유진",1
[표]미국 주요기업 주가(8/27),0
[표]미래에셋대우 등 코스피 자사주 신청내역(28일),0
[표]코스닥 외국인 연속 순매수 종목(27일),0
[표]코스피 외국인 연속 순매도 종목(27일),0
[표]코스피 외국인 연속 순매수 종목(27일),0
[표]해마로푸드서비스 등 코스닥 자사주 신청내역(28일),0
[표]해외 한국 DR(8/27),0
[표]코스닥 외국인 연속 순매도 종목(27일),0
"[클릭 e종목]“천보, 증설·배터리 수요 확대로 실적 성장 가능성↑”",1
"RFHIC, 4분기 미국·인도 매출 증가 가능성…목표가↑ -하나",1
"뉴욕증시, 연준 평균물가목표 채택에도 혼조…다우 0.57%↑",1
"에스티팜, 생산설비 증설 기대-삼성증권",1
"SK하이닉스, 3분기 실적 부진 전망…목표가↓-KB",-1
"네이버, 언택트 수혜에 일본 사업도 본격화-한국투자",1
"상장 앞둔 코람코에너지플러스리츠, 6%대 배당수익 기대-유진",1
"에스티팜, 향후 신규 수주 및 추가 증설 기대 유효…목표가↑-삼성증권",1
[일일펀드동향] 韓채권형펀드 다시 순유출로…191억 빠져나가,0
"[오늘의 환율전망] 원/달러 환율, 1185~1187원 출발 전망",0
"[클릭 e종목] ""금화피에스시, 정비 물량 증가로 성장 지속 전망""",1
국내 주식형 펀드 사흘 연속 자금 유출,0
[뉴욕증시] S&P500 또 '최고가'… 장중 3500도 돌파,1
"[클릭 e종목]""네이버, 내년이 더 기대…목표주가 상향""",1
"천보, 3분기 실적 개선 기대-신한금융투자",1
"[클릭 e종목]""현대홈쇼핑, 콘택트 수난 시대의 합리적 대안""",0
[뉴욕증시]장기시장금리 확 뛰었다…기술주 주춤하자 증시 털썩,0
"[발칙한금융]라임 판매사, 금감원 전방위 압박에 '백기투항'..정작 라임은?",0
"[STOCK] 네이버, 국내 전자상거래 시장 영향력 확대에 목표주가↑",1
[e공시 눈에 띄네] 코스닥-27일,0
"[STOCK] '언택트 대장주' 카카오, 40만원 첫 돌파… 연일 신고가",1
[원유마감]WTI 나흘 만에 하락…허리케인 로라 위력 약화,-1
"""최소 5년간 제로금리""…S&P 사상 첫 3500 터치 [뉴욕마감]",0
"공매도 금지 6개월 연장…증권가 ""기대감 선반영""",1
"[기업공시 8월 27일]바이오리더스, 450억 규모 주주배정 유상증자 결정 등",0
[김민석의 할많하당] 위험수위 넘은 역대급 '빚투'의 다른 얼굴,-1
[재송]27일 장마감 후 주요 종목 뉴스,0
[e공시 눈에 띄네]코스피-27일,0
"美증시, 연준 평균물가목표제 도입 속 혼조마감…다우 0.57%↑",1
"'코로나의 역설'…마트서 시식행사 못하는 식품업계 ""수익성 좋아졌네""",0
"P2P 업체, 70여곳만 감사보고서 제출",0
"뉴욕증시, 연준 평균물가목표 채택에도 혼조세…다우 0.57%↑",1
"뉴욕증시, Fed 평균물가목표 채택 불구 기술주 하락에 혼조",-1
[뉴욕마감]S&P 5일째 사상 최고…거대한 연준 '비둘기',1
공매도 금지 6개월 연장…코스닥 제약·바이오株에 기름 부을까,0
코로나 재확산에 식품株 또 반등할까…실적 전망치도 '고고',0
[코스피·코스닥 전 거래일(27일) 주요공시],0
미국도 부동산 열기… 3개월 새 '주택건설 ETF' 최고 2배 급등,1
"카카오게임즈, IPO 대박 행진 이어갈까",1
"코스피, 고개드는 9월 조정론",0
론스타 17년 ISD 준비서면에 드러난 진실은,0
"뉴욕증시, 연준 평균물가목표 채택에도 기술주 약세…다우, 0.57% 상승 마감",-1
동학개미 활짝 핀 '공모주의 꿈'···IPO청약 개선 어떻게,0
"연준, 평준물가목표제 도입에 다우 160포인트↑ [데일리 국제금융시장]",1
뉴욕 증시 지수별 혼조…다우-S&P 오르고 나스닥 내리고,0
[스팟] 뉴욕증시 혼조 마감...다우↑·나스닥↓,0
해외투자 하면 KB증권..사회책임투자도 잘해요,1
"동학개미 재미 못봤던 삼성전자, 반등 신호 켜진다",0
"호실적에 경영승계까지…한화그룹株 상승 ""돋보이네""",0
더 빡빡해진 '3%룰'…이사 선임도 맘대로 못해?,0
"성장전망 더 낮춘 한은, ""겨울까지 코로나 확산되면 올 성장률 -2.2%""",1
"코로나 다시 퍼지자 네이버 10%, 카카오 13% 껑충 올랐다",0
머니투데이 오프라인 헤드라인-28일자,0
"'공매도 금지 연장' 말고도 많네, 동학개미 위한 '종합선물세트'",0
[유럽증시] 잭슨홀 회의 주시하며 하락,-1
'옵티머스' 투자자에 원금 40~70% 先지원,1
[오늘의 증시] 2020년 8월 27일자,0
K뱅크 비대면 아담대 사전예약 2만6000명 몰려,0
동학 뺨치는 서학개미… 올 1000억달러 사고팔았다,0
[주요경제지표] 2020년 8월 27일자,0
"공매도 금지 연장… 금융위원장 ""증권사 신용융자 금리도 내려야""",0
"NH증권, 옵티머스펀드 가입자에 투자액 70%까지 대출형태 先지원",1
"공매도 금지, 내년 3월15일까지 6개월 연장",0
중기·소상공인 대출 만기 내년 3월까지 추가 연장,-1
[주목!e기업]센코 “센서 토탈 솔루션 기업 발돋움…글로벌 경쟁할 것”,1
테슬라 날게 한 액면분할…'주가 3억' 버핏은 왜 안할까,0
"유럽증시, 잭슨홀미팅 지켜보며 일제히 하락 마감",-1
"""2차전지만이 아니다…화학업종도 맑음""",0
美 사재기에 대형마트 날개…한국도 따라갈까,0
"""신뢰회복 위해 수용""…신금투, 라임펀드 100% 배상",0
"공매도 금지, 내년 3월 15일까지 6개월 연장 확정",0
[유가증권 메모] (28일) 보통주추가상장=대덕(공모증자),0
오늘의 레이더M 뉴스 (8월 28일),0
3단계는 시행도 안했는데 벌써부터 경제 '빨간불',-1
"공매도 금지 6개월 연장, 불법공매도 처벌 수위 높인다",0
"뉴욕증시, 연준 평균물가목표제 채택 반색 상승 출발",1
"미래엔 컨소시엄, 영실업 인수한다",0
"[속보] 파월 연준 의장 ""평균물가목표제 도입""…제로금리 장기간 유지",0
[스팟] 뉴욕증시 혼조 출발...다우↑·나스닥↓,0
"라임 판매사, 금감원 권고 수용..분쟁조정 최초 전액배상 나왔다",0
"신한금투, 라임 무역펀드 100% 배상 결정",0
[ 코스닥 기업공시] (27일) 대한그린파워 등,0
[유가증권 기업공시] (27일) KB금융 등,0
"[종합뉴스 단신] 방통위, '국민참여 팩트체크' 활성화",0
"온라인개학에 방과후 홈스쿨링 인기, “초등인강 관심 높아져”",1
"신한금융투자 ""라임펀드 분조위 결정 수용…100% 배상""",1
해외 명품 한국서 더 비싸게 판 이유는?,0
"라임 무역금융펀드 판매사 4곳, 100% 배상 수용(종합)",0
"정부, '고사위기' 항공업 추가지원책... ""공항 사용료 5000억원 감면""",0
"라임펀드 판매사, '전액 배상' 수용… 사상 첫 100% 반환",0
개인 소외에···'하늘의 별따기' IPO 손질,0
"""전례 없는 전액 반환 권고""..미래에셋·신한금투, 결국 '수락'",0
"""전례 없는 전액 반환 권고""..미래에셋·신한금투, 결국 수락",0
"신한금융투자, 라임 무역금융펀드 100% 배상…일부 내용은 '불수용'",1
"""전기·수도료도 못 내요""…벼랑끝 소상공인 생계 막막",0
신한금투도 끝내 백기…금감원 원금 전액 반환 권고 수용,0
"신한금투, 라임 펀드 100% 반환키로…""잘못은 인정 못해""",0
"한은 ""올해 성장률 -1.3%""로 낮춰…최악땐 -2.2%""",-1
"신한금융투자, 라임 무역금융펀드 전액 반환 결정 수락",1
"라임 판매사, 금감원 권고 수용..분쟁조정 최초 전액배상",0
"""비말 차단 효과 없다?""…망사마스크 믿고 산 소비자들 '불안'",-1
'하늘의 별' IPO···개미에 우선 배정 추진,1
"미래에셋대우, 라임 무역금융펀드 '전액 배상' 수용 결정",0
"[속보] 신한금투, 라임 무역펀드 100% 배상안 수용",0
"미래에셋대우, 라임 무역금융펀드 '전액배상' 결정",0
"`코로나19 우려` 코스피, 5일만에 하락…카카오·삼성SDI ↑",-1
"카카오게임즈, 수요예측 1000 대 1 넘었다",0
27일 장마감 후 주요 종목 뉴스,0
"미래에셋대우, 라임 펀드 전액 반환…분조위 권고안 수용",0
"미래에셋대우, 라임운용 펀드 전액 반환…분조위 권고안 수용",0
"미래에셋대우, 라임펀드 투자자에 91억원 전액 반환",1
[표]아시아 주요 증시 동향(8월 27일),0
"우리ㆍ하나은행, 라임 펀드 '전액 배상' 수용… 사상 첫 100% 반환",0
'대출 만기ㆍ이자 상환 유예' 6개월 더 연장… 부실 우려도 고조,-1
"우리·하나·미래에셋대우, 라임 무역금융펀드 전액반환 결정",0
"미래에셋대우, 라임 무역금융펀드 100% 배상",0
"미래에셋대우, 라임 무역금융펀드 전액 반환 결정",0
"미래에셋대우, 라임 펀드 100% 반환 결정",0
장 마감 후 기업공시[8월27일],0
"[속보] 미래에셋대우, 라임 무역펀드 100% 배상안 수용",0
[표]유형별 펀드 자금 동향(8월 26일),0
딸람이 알려주는 오늘의 특징주 이슈...엑세스바이오·대정화금·바이넥스·일신바이오 등,0
옵티머스펀드 투자자에 70% 유동성 지원,1
"[시그널] SK건설, TSK코퍼레이션 보유 지분 KKR에 매각한다",0
"[시그널] 미래엔 컨소시엄, ‘또봇’ 영실업 1,500억에 인수",0
"""공매도 금지 연장, 펀더멘털 무관...시장 영향 크지 않을 것""",0
[Asia마감]그의 '한 마디'를 기다린다,0
개미들 목소리 반영됐나… 공매도 금지 다시 6개월 연장,0
"코람코에너지플러스리츠, 31일 코스피 신규 상장",0
[표]유가증권·코스닥 투자주체별 매매동향(8월 27일-최종치),1
[표]코스닥 기관·외국인·개인 순매수·도 상위종목(8월 27일-최종치),0
[표]유가증권 기관·외국인·개인 순매수·도 상위종목(8월 27일-최종치),0
"SK하이닉스가 투자한 키옥시아, 10월 도쿄증권거래소 상장",1
"거래소, 이에스이 불성실 공시법인 지정",0
"[시그널] 카카오게임즈, 1,000대1 돌파···SK바이오팜도 넘었다",1
"신성이엔지, 79억 규모 자기주식 처분 결정",0
"""미래가치 높은 주식에 투자해야…부동산 '패닉바잉'은 금물""",1
"에스엠하이플러스, 대한해운 자사주 7916주 장내 매수",0
'400명대 헉!'…코로나19 확진자 급증에 주가 희비,0
"파나시아, 코스닥 상장 초읽기...증권신고서 제출",0
"거래소, 팍스넷 불성실 공시법인 지정",0
"스튜디오미르 ""‘코라의 전설’, 美넷플릭스 TV쇼부문 1위""",1
"[올댓차이나] 홍콩 증시, 미중 긴장고조에 하락 마감...H주 0.96%↓",-1
"[마켓인]한신평, 홈플러스 단기등급 `A2-`로 한 단계 하향",0
"SK바이오팜, 상반기 당기순손실 1262억..매출액 60억",0
日증시 하락 마감..닛케이 23208.86(-0.35%),-1
"코로나 재확산에 공매도 금지 6개월 연장…""전 상장종목""(종합2보)",0
"NH증권 '옵티머스' 투자자, 원금 최대 70% 돌려받는다",1
개미투자자 목소리 반영됐나… 공매도 금지 다시 6개월 연장,1
"대한항공, 대출채권 유동화해 300억 조달",0
신한BNPP시니어론 4호펀드 6900억 약정,0
"금투협, 해외채권 투자분석·석유산업 전망 특강 실시",1
[표]일본 주요기업 주가(8/27),0
TSMC 내달리는데..삼성 '사법리스크 발목' 언제까지,0
"[마켓인]로봇 '휴보' 개발사 레인보우로보틱스, 코스닥 상장 재도전",0
`아직도 手記` 주먹구구 공매도 손본다…종목지정제도 도입추진,1
"공매도 금지연장, 증시 시큰둥…""호재 맞지만 기대감 이미 반영""",1
"카카오게임즈 수요예측 성황…""공모가 최상단 갈듯""",0
"은성수 ""개인투자자에 기회 확대…신용융자 금리 개선""(종합)",1
전세계 투자자 파월 주목…증시 방향 가른다,1
"[마켓인사이트]한화, 골든베이CC 매물로 내놨다.. 첫 골프장 매각 추진",1
"공매도 금지 내년 3월까지 연장…""기울어진 운동장 없앤다""",0
공모주 청약방식 손질한다,0
"금융당국, 증권업계와 신용융자 금리산정 개선TF 구성",0
"레드로버, 윤종혁 대표이사 체제로",0
"5월 준공 ‘이천 도지 물류센터’ 판다.. 이지스, 조기매각 통해 수익 극대화",0
"삼부르네상스 사기분양 피해 논란에… 삼부토건 ""심각한 명예훼손 고발조치""",-1
"효성캐피탈 오늘 본입찰… 대신증권 출사표, 인수전 뜨겁다",0
"1999년 대우채권·2011년 부산저축銀…당시엔 ""투자자도 책임""",1
NH證 옵티머스 피해자 지원…3억 미만 개인투자자는 70%,0
"금융당국, 증권업계와 신용융자 금리산정 개선TF",0
"투자자 책임 일체 없다니…""우리도 100%"" 보상 요구 줄이을듯",1
유동성·동학개미에 '가벼워진 대형주',0
[코스닥 공시] 에스티아이,0
`언택트 3인방` 질주…시총순위 지각변동,0
"`초분산 펀드` EMP, 주식형보다 잘나가는 까닭",0
"D램 가격 바닥론 솔솔…""3분기 삼전 영업익 10조""",-1
"라온피플, AI 학습용 데이터 구축·AI 융합 프로젝트 사업 수행기관 선정",0
신한BNPP시니어론 4호펀드 모집액 6900억원 다 채웠다,0
오늘의 증시 일정 (8월 28일),0
유니테스트 美中서 잇단 쾌거…한전과 태양전지 개발도 착수,0
"파나시아, 증권신고서 제출…10월 코스닥 상장 목표",0
[유가증권시장 공시] KB국민은행 / 금호에이치티 / 만호제강 등,0
데이터센터·자율車…엔비디아 `만능 GPU` 반도체시장 평정,0
공매도 금지 또 유예…효과는,0
[표]K-OTC 시장 거래 현황(8/27),0
"신용거래융자, 6거래일 만에 증가…15조7056억원",1
"[MK라씨로] 제노포커스, 진단키트 효소 개발에 급등",1
[표] 주요 증시 지표 (8월 27일),0
"은성수 ""신용융자 금리산정 개선…공모주 청약제도도 손질""",0
한화 소유 골든베이GC 매물로 나왔다,0
"필웨이, 빈티지 시계 컬렉션 및 무료 사진감정 서비스 오픈",1
"[시그널] 더퍼블릭투자자문, 자산운용사로 출범···한국형 헤지펀드 업무 시작",1
동학개미가 또 이겼다… 상장종목 공매도 금지 6개월 연장,0
금융당국 전방위 압박에 부담...라임 판매사 '전액배상' 유력,0
"파나시아, 증권신고서 제출…10월 코스닥 상장",0
"'위상 달라진 동학개미' 공매도 금지 연장에 ""환영, 제도 개선해야""",0
"기재부, 다음달 12.9조 규모 국고채 경쟁입찰 발행",0
"양지사, 주당 50원 결산배당",0
"정부, 9월 12.9억 규모 국고채 경쟁 입찰로 발행",0
"공매도 금지 연장, 동학개미 주도 시장 더 강화된다",0
수조달러 '유동성의 힘'…글로벌 증시 역대 최고치 찍었다,1
"풍강, 28일 배당락 발생",0
기준금리 인하에도…신용 이자율 내린 증권사 5곳뿐,0
"거래소, 포비스티앤씨에 주가급등 조회공시 요구",1
"양지사, 주당 50원 결산배당 실시",0
"파멥신 ""18만주 규모 전환청구권 행사""",0
"은성수 ""공모주 청약방식 손볼 것""",0
LG화학 목표주가 100만원 나왔다,0
"외국인, 돌아오면 '액티브'하게…""성장株 상승 이끈다""",1
증권사가 동시에 목표가 올린 '톱픽 4인방',0
오늘의 증시 메모[8월 28일],0
장 중 기업공시[8월 27일],0
"코스닥 거래 20조 돌파 또 신기록...""손바뀜 치열""",1
"린드먼아시아, 린드먼혁신성장사모투자합자회사 주식 100억에 취득키로",1
"금융위 `공매도 금지` 6개월 연장..은성수 ""개선 방안 모색""(종합)",0
"시장이 SK에 주목하는 이유는?…""미래 먹거리 쑥쑥 크는 알짜 지주사""",1
"""이자 싸네""…장기채 발행 늘리는 우량기업들",0
옵티머스 피해고객 차등 보상…투자금 3억 이하 70% 先지급,0
[표]코스피200지수 옵션 시세(8월 27일),0
"금호에이치티, 코넥스 상장사 다이노나와 합병 추진",1
버핏은 왜 '스토어캐피털' 다시 샀나,0
"[올댓차이나] 中증시, 반발 매수세에 반등 마감...창업판 1.7%↑",1
"금투업계 ""예상된 공매도 금지 연장 ""…실무부서간 이해는 엇갈려",0
푸드나무 '랭킹닭컴' 보약 먹고 펄펄,0
[표]장외주식 거래현황(8/27),0
"소개팅 앱 ‘스위트링’, 조사 결과 MZ세대 여성 사용자 증가폭 늘어",1
"정부, 9월중 국고채 12.9조 발행",0
"공매도 금지 6개월 더... ""개인투자자 접근성 높이겠다""",1
"그래핀스퀘어, LG전자와 손잡고 '그래핀 상용화' 나선다",0
"은성수 금융위원장, ""신용융자 금리 개선 위한 TF 꾸릴 것""",0
증권사 고금리 신용융자 손본다…금융당국·업계 TF 구성,0
[표]금·국채선물·달러선물 시세(8월 27일),0
"공매도 금지 연장에 투자자 ""환영""…시장 영향은 ""글쎄""",1
"금융위, 전 종목 공매도 금지 6개월 연장(종합)",0
[표]코스피200지수 선물 시세(8월 27일),0
[표]거래소 주가지수선물·옵션시세표(8/27),0
[표]주가지수선물 투자자별 매매동향(8/27),1
[표]코스닥 기관/외국인 매매동향(8/27 3시30분),0
[표]코스피 기관/외국인 매매동향(8/27 3시30분),0
[표]채권 수익률 현황(8월 27일),0
"동학개미가 또 해냈다, 공매도 금지 6개월 연장",0
"코로나 재확산에 공매도 금지 6개월 연장…""전 상장 종목""(종합)",0
[외환마감]잭슨홀 파월 연설 대기…원·달러 1.80원 하락,-1
[장외주식] 솔젠트 강한 반등,0
"아리온 ""96.67% 비율 감자 결정""",0
[표]27일 채권시장 종합 - 금리동향,0
[표]증시주변 자금동향 (8/26),0
위상 달라진 '동학 개미'…공매도 금지 연장 이끌었다,0
"[TF매매동향] 외국인, '삼성SDI' 사고 '진원생명과학' 팔았다",0
"코로나19 재확산, 공매도 금지 6개월 더 연장.. 불법 공매도 처벌 강화",0
"금융위, 공매도금지 6개월 전격 연장…시장 조성자 예외는 허용",0
"스튜디오미르, '코라의 전설' 美 넷플릭스 TV쇼 부문 1위",1
"아리온, 96.67% 비율 감자 결정",0
넷마블 ‘일곱개의대죄’ 글로벌 2000만 대규모 업데이트 실시,0
"계룡건설, 1031억 규모 대전시 재개발정비사업 공사 수주",1
공매도금지 내년 3월 15일까지 6개월 연장,0
"금융위원회, 공매도 금지 조치 6개월 추가 연장(상보)",0
"금융위, 공매도 금지 6개월 연장…내년 3월 15일까지 전 종목 금지",0
"금융위 ""공매도 금지 내년 3월까지 6개월 연장""...""개인참여 확대 제도 개선",0
"에이프로 ""에이프로세미콘 주식 60억에 추가취득""",0
"네이버, 스노우 '잼라이브 서비스' 150억원에 양수",0
"공매도 금지, 결국 6개월 연장…2021년 3월까지",0
"금융위, 공매도 금지 6개월 연장 결정",0
'코로나 수혜주' 카카오 40만원 첫 돌파…·네이버는 시총 3위(종합),1
"아리온, 이정필 대표이사 체제로",0
"[시그널] 네이버, 계열사 잼라이브 서비스 150억원에 인수",0
공매도 금지 6개월 연장키로...내년 3월 15일까지,0
"금융위원회, 공매도 금지 6개월 추가 연장 결정(종합)",0
"금융위, `공매도 금지`·`자사주 취득한도 확대` 6개월 더 연장(상보)",0
"에이프로, 에이프로세미콘 주식 119만주 추가 취득",0
"에이프로, 에이프로세미콘 주식 119만주 추가 취득 결정",0
"'동학 개미' 7500억 순매수, 코로나19에도 '선방'",0
"금융위, 전 종목 공매도 금지 6개월 연장(1보)",0
"금융위, 공매도 금지 전 상장 종목 6개월 연장",0
"[1보]금융위원회, 공매도 금지 6개월 추가 연장 결정",0
"중앙오션, 메콕스바이오메드로 최대주주 변경",0
코로나19 재확산에 코스피 1% 후퇴…5거래일 만에 첫 하락,-1
"[속보] 금융위, 공매도 금지 조치 6개월 연장",0
"[속보] 금융위, 공매도 금지 전 상장 종목 6개월 추가 연장",0
"[속보]금융위, 공매도 금지 6개월 연장",0
"[속보] 금융위 ""공매도 금지 6개월 연장""",0
"[속보]금융위, 공매도 금지·자기주식 취득한도 6개월 연장",0
"[속보]금융위원회, 공매도 금지 6개월 추가 연장 결정",0
"금융위, 9월16일부터 전체 상장종목 6개월간 공매도 금지",0
"금융위, 공매도 금지 6개월 연장",0
"금융위원회 ""공매도 금지 6개월 연장""",0
"[마감시황]코스피, 1% 내려 2340선 마감…5거래일 만에 하락",-1
"[속보] 금융위, 공매도 금지 6개월 연장",0
"한은 ""코로나19 재확산 10월중 진정 안되면 올 성장률 -2.2%""(재종합)",1
"[마감] 코스피, 2340선 후퇴… 외국인·기관 '팔자'에 1%대 하락",0
코로나 재확산에 코스피 5일만에 하락…개미 4691억 순매수,-1
[속보] 공매도 금지 전 상장 종목 6개월 연장,0
센트럴바이오 “주가 급등 사유 없다”,1
D램 바닥 찍었다…삼성전자·하이닉스 반등 신호?,-1
"네이버, 계열사 스노우 '잼라이브 서비스' 영업양수",0
"""LG화학 100만원 간다"" 첫 보고서...시총 4위로 '점프'",0
"[공시]네이버, 스노우 '잼라이브 서비스' 150억원에 양수",0
"[시그널] 카카오페이지, 디앤씨미디어 지분 212억 규모 추가 취득",0
[시황종합] '코로나 재확산' 코스피 2344 후퇴…카카오 40만원 돌파,1
"코스피, 5일만에 하락…코로나 재확산 우려(종합)",-1
[레이더M] 3주만에 문연 IPO 공모시장…코로나 재확산 공포 넘을까,0
"계룡건설, 1031억 규모 재개발정비사업 공사 수주",1
"뉴지스탁 ""젠포트, 월 거래대금 4000억 원 돌파""",1
외국인 돌아오면 '액티브'하게 돌아온다? 성장주 강세 이어질까,1
"외국인·기관 팔자…코스피, '코로나 재확산' 우려에 1%대 하락",-1
"중앙오션, 최대주주 메콕스바이오메드로 변경",0
코로나 확산에 해외 카드사용액은 ‘반토막’,-1
"코스피·코스닥, 코로나 재확산에 투심 위축…5일만에 하락",-1
중국증시 상승 마감… 상하이종합지수 0.61%↑,1
"[fn마감시황]코스피, 코로나19 재확산 우려에 1.05% 하락",-1
[itM 마감시황] 코스피 2344.45로 하락마감…기관·외인 순매도 5000억 육박,-1
[TF시황] '내리막길' 국내증시···코스피 2344선 마감,0
"[공시]카카오페이지, 디앤씨미디어 주식 61만여주 취득",0
[마감시황] 코로나19 우려에 코스피 5거래일 만에 하락,-1
"[마켓인사이트][단독]폐기물業 합종연횡..SK건설, TSK코퍼레이션 지분 KKR에 매각",0
[코스피 마감]`코로나 확산` 5거래일만에 하락 `2340선`..외인 `팔자`로,-1
[특징주] 코로나19·카카오게임즈 상장에 카카오 첫 40만원 돌파,1
5일만에 하락 마감한 코스피,-1
메모리 가격 '바닥신호'..삼전·SK하이닉스 주가 웃을까,-1
소폭 하락한 코스닥,-1
"웨이브일렉트로, 계열사에 31억 채무보증",0
증권업계 간담회에 키움증권은 왜 포함됐나,0
"코리아나, 총 120억원 규모 자기주식취득 신탁계약 해지",-1
"코스피, 3단계 거리두기 격상 우려에 1%대 하락마감",-1
"코스피, 코로나 재확산 우려에 하락 마감…외국인·기관 `팔자`",-1
"코스피·코스닥, 외인·기관 동반 순매도에 5일 만에 하락 마감",0
파월 잭슨홀 연설 대기…원/달러 환율 소폭 하락 마감,-1
"피씨엘, 2000만원 규모 의료기기 공급계약",0
"NH證 ""옵티머스펀드 가입자에 최대 70%까지 유동성지원""",0
"은성수 ""증권사 영업구조, 실물경제와 동떨어져…개선 필요""",0
간담회 발언하는 은성수 위원장,0
발언하는 은성수 금융위원장,0
증권업계 간담회 발언하는 은성수 위원장,0
증권업계 간담회 참석한 은성수 위원장,0
"익산시, 추석 맞이 지역화폐 '다이로움' 10% 추가 할인 이벤트",0
증권업계 간담회 앞서 대화 나누는 참석자들,0
증권업계 간담회 참석한 증권사 대표들,0
포트폴리오 관리 나선 '스마트개미'…저평가 리츠 '줍줍',0
2000달러 이후 주춤해진 금값…추가 상승 가능할까,0
"삼성증권, 경영자 대상 언택트포럼 성황...1600명 참여",0
"만호제강, 보통주 1주당 200원 결산 현금배당 결정",0
"만호제강, 주당 200원 현금배당 결정",0
"한국테크놀로지, 어린이집 70여곳 등에 살균기 기증",0
"KB국민은행, 보통주 1주당 1480원 중간 현금배당 결정",-1
"NH투자증권, 옵티머스 펀드 피해자 최대 70% 선지급(종합)",0
"[특징주]앤디포스, 인플루엔자 분자진단키트 식약처 수출 '허가'…""美 FDA도 추진 예정""",1
코로나 19 재확산에 '빚투' 감소...약될까 독될까,-1
"[fn마켓워치] 대한항공, 대출채권 유동화…300억 조달",0
"은성수 금융위원장 ""자본시장서 개인-기관 형평성 맞출 필요""",1
美·中 싸우는 와중에…두 나라서 연이어 거액 수출계약 따낸 종목,0
"은성수 ""개인 공매도 활성화 방안 모색…금지연장 조기결정""",0
코로나에 '빚투' 증가…신용비율 급증 종목 '투자주의보',1
"나무기술, 코로나19 재확산에 재택솔루션 삼성·KT 등 대기업 수요 급증",0
"SCM생명과학 ""첨생법 시행 맞춰 연구개발 속도올린다""",0
"금호에이치티, 다이노나와 합병 추진…""코로나19 치료제 개발 속도""",1
< World Exchange Now >페북 8%↑… 기술주 강세 S&P·나스닥 ‘사상최고치’,1
주가 고꾸라진 ‘高배당주’… 중간배당도 못한다,-1
"KG모빌리언스, 곽재선 대표이사 체제로",0
국민연금 돛 단 유니슨…'그린뉴딜' 바람 타고 순항,1
"대신정보통신, 115억 규모 정보자원 통합구축사업 용역계약 체결",1
"에스티팜, 올리고뉴클레오타이드 생산 설비 증설에 307억 투자",1
"은성수 ""개인의 공매도 참여 활성화...공모주 청약 개선 필요""",0
"김인환 동아타이어 사장, 자사주 5000주 장내 매수",0
증시서 연일 주목받는 코로나19 백신·치료제 기업,1
[비트코인 지금]국내 1340만원·해외 1만1400달러선 유지,0
"국민은행, 주당 1480원 중간배당 결정",-1
"은성수 ""공매도 금지 연장 조기 결정..개인 공매도 개선 방안도 모색""",0
은성수 “개인의 공매도 접근성 개선…공모주 배정방식도 개선”,0
"이주열 ""코로나발 거리두기, 경제충격 불가피... 추가 금리인하도 가능""",-1
중기·소상공인 대출만기 연장·이자상환 유예 6개월 연장,-1
"LG, 코로나19 재확산에 그룹 연수원 `LG인화원` 생활치료센터로 제공",0
[itM 특징주] 日확진자 400명 넘자…재택근무株 상한가·최고가 ‘기록 봇물’,1
"금호에이치티, 다이노나와 합병 추진",1
"은성수 금융위원장 ""공매도, 영구적 금지보다 개선 필요""",0
'코로나 재확산 공포' 코스피 2340선 후퇴…외인·기관 팔자,1
"[특징주] 제넥신, 코로나19 중증환자 ‘인터루킨-7’ 안전성·효능 확인에 상승",0
"필에너지, 2차전지 배터리 설비 수주 800억 원 달성…전년比 500% 성장",1
"NH투자증권, 옵티머스 투자자에 최대 70% 선지원",1
"은성수 ""개인 불공정성 느끼는 공매도 개선…시장조성자도 점검""",0
"은성수 ""고액자산가 유리한 공모주 배정 방식 개선할 것""",0
"은성수 ""공매도 개선할 것…개인 공매도 활성화 방안 강구""",0
"은성수 금융위원장 ""증권사, 고금리 신용대출 개선 필요""",0
"은성수, ""개인 공매도 활성화 개선 모색.. 연장 여부 조기 결정""",0
[특징주] 다이노나 덕분에 금호에이치티·에스맥 강세,1
"은성수 ""공매도 개인 기회 확대…연장은 조기 결정""",0
"은성수, “개인 투자자의 공매도 접근성 개선할 것”",1
"중기·소상공인, 내년 3월까지 대출연장·이자유예 신청 가능",-1
"에스티팜, 올리고핵산치료제 원료 생산설비 연산 800kg 규모 증설 나서",0
[부고]박영수(한국예탁결제원 수석위원)씨 장인상,0
[부고]손교수(한국증권금융 부장)씨 장모상,0
"에스티팜, 올리고핵산치료제 생산설비 2배 증설",0
"제넥신, '인터루킨-7' 코로나 효능 확인 소식에 급등",1
"라온피플, 디지털 뉴딜 추경사업 AI 융합 프로젝트 수행기관 선정",0
"이지케어텍, 삼광의료재단과 클라우드·의료 빅데이터 MOU 체결",1
"[특징주] '언택트 대장주' 카카오, 신고가 경신… 장중 40만원 돌파",1
[오후1시주식시장은] 코로나19 확진자 수 증가 속 증시 하락세,-1
"한은 ""겨울까지 코로나 재확산하면 올해 성장률 -2.2% 예상""(종합3보)",1
"한은 ""코로나19 재확산 겨울까지 이어지면, 성장률 -2.2%까지 하락""",-1
"삼부토건, 천안 신방삼부르네상스 사기분양 피해 보도에 ""명예훼손이며 고발조치 취할 것""",-1
실적 악화에 사주 장기 공백까지…최대 위기 맞은 부영그룹,0
"제넥신, 코로나19 중증환자서 '인터루킨-7' 안전성 및 효능 확인",0
"이사회만 6차례…NH證, 옵티머스 피해자 30~70% 선지원(종합)",-1
"에스티팜, 올리고뉴클레오타이드 증설 결정…300억원 투자",1
"[특징주] 링네트, 원격근무 수요 증가 기대감에 '상한가'",1
"삼성증권, CEO 대상 `언택트 써밋` 1600명 참여 `흥행`",1
[표]27일 오전 채권시장 - 금리동향,0
[표]유럽 주요기업 주가(8/26),0
"코스피·코스닥, 외인·기관 동반 매도 속에 오후 들어서도 약보합 유지",1
"CLC, 신곡 'HELICOPTER' 오디오 티저 영상 공개",0
[fn마켓워치] 맥쿼리투신운용 새 대표에 반 부렌 사내이사 선임,0
"금투협, `해외채권 투자분석` 개설…9월 15일까지 신청",1
"투교협, 31일 `에너지산업 구조 변화` 온라인 특강",0
"NH證, 진통끝 옵티머스 투자자에 유동성 선지원…""최대 70%""(종합)",1
[데스크라인]맹자와 순자,0
"투자 꼰대 X세대 거품 논쟁 “신경 안쓴다”… 주식서 돈 번 YZ세대, 이번엔 주택도? [한상춘의 지금 세계는]",1
"은성수, 증권업계 간담회…`공매도 금지` 연장 확정되나",0
[부고]박영수(한국예탁결제원 인사부 수석위원) 씨 빙부상,1
[부고]손교수(한국증권금융 증권중개부장) 씨 빙모상,0
"[일문일답]이주열 ""거리두기 격상 등 경기충격 확대시 추가 금리인하 가능""",-1
"과학기술인공제회, VC·PEF 위탁운용사 선정 착수",0
모바일 MMORPG ‘에오스 레드’ 1주년 프로모션,0
"엠게임, 신작 모바일 MMORPG ‘진열혈강호’ 연내 대만 출시",1
"엔씨웨스트, ‘길드워2’ 확장팩 ‘엔드오브드래곤즈’ 내년 출시",1
컴투스 ‘서머너즈워’ 글로벌 이스포츠 ‘SWC’ 29일 본격화,0
"이주열 ""국고채 수요 견조…변동성 커지면 적극 매입""",0
공매도 금지 연장에 사모펀드 시름 깊어질까,0
"NH투자증권, 옵티머스 투자자에 원금 최대 70% 지원",1
"지란지교시큐리티, 자회사 모비젠 IPO 추진…주관사 선정 나서",1
2분기 해외 출국자 97% 급감…해외 카드사용액 '절반' 뚝,-1
"이주열 ""성장률 전망치 -1.3%, 현행 사회적 거리두기 수준 전제""",1
"중소기업 77% ""2월 코로나19 국내 발생 후 매출 감소""",0
출국길 막히자…해외카드사용 IMF위기 이후 최대폭 감소,0
'코로나 재확산 공포' 코스피 0.6% 하락…외인·기관 팔자,0
"[특징주] '상한가 경신' 진원생명과학, 약세 전환… 5%대 ↓",-1
[줌인리더스클럽] 해외주식 성장 ‘쑥쑥’…삼성증권 ‘함박웃음’,1
M&A에 요동치는 주가…딜 이후 주목하는 투자심리,1
신한BNP파리바운용 IB역량 집중 ‘시니어론 4호펀드’ 6900억 약정,0
코로나에 네이버·카카오 웃었다…최고가 또 경신,1
"대신정보통신, 116억 규모 범정부 정보자원 통합구축사업 용역 계약",0
'인구절벽' 범부처TF 대응방향…여성·청년·고령자 경제활동↑,1
"대신정보통신, 조달청과 115억8000만원 규모 공급계약",0
"필로시스헬스케어, 약세 전환..7000원→4600원",-1
"[올댓차이나] 홍콩 증시, 미중 긴장고조에 하락세...H주 1.19%↓",-1
"[주식 초고수는 지금]셀리버리·LG화학 사고, SK케미칼·알서포트 팔아",0
"제이엘케이, 암 영역 딥러닝 모델 학습 장치 관련 특허 취득",0
"금호에이치티, 다이노나와 합병 추진 ""코로나19 및 면역항암제 임상 지원""",1
"신신제약, 파이코일바이오텍코리아 지분 7% 취득",0
"""올해 성장률 -1.3%""... 국내외 다른 기관보다 더 '비관론' 돌아선 한은",1
[itM] 美中군사갈등에…아시아 증시 혼조세,-1
[TF특징주] 모더나 관련주 에이비프로바이오·바른손 강세,1
"NH證, 옵티머스 투자자에게 '차등적' 유동성자금 지원 결정",1
"브리지텍, 한국관광공사와 21억 규모 관광안내 문자채팅 상담시스템 구축",0
“옵티머스 투자자에 유동성 자금 先지원”,1
"NH證, 옵티머스 피해자 지원안 극적 결론…최대 70% 선지원",-1
달아오른 한국증시…하루 거래대금 30조,0
"동학개미, 코스피보다 코스닥서 ‘손맛’",0
"이화공영, 190억 규모 주거복합 신축공사",0
카카오 상장후 첫 40만원 돌파...네이버도 장중 역대 신고가,1
"대림에너지, 3년물로 500억 회사채 발행 추진",1
"에스티아이, 삼성전자와 348억 규모 반도체 제조장비 공급",0
亞 첫 ‘주유소 리츠’ 31일 상장 주목,1
美증시 버블 논쟁…모건스탠리 “단기 조정 ” vs JP모건 “더 간다”,0
"메디컬아이피, 메드트로닉과 3D프린팅 해부학 모델 개발",0
"지놈앤컴퍼니, 산업은행 200억원 투자 유치 성공",1
풍력발전 신바람… 최대실적 노리는 SK디앤디,0
外인·기관 쌍끌이…펄떡이는 LG전자,1
"NH투자증권, 옵티머스 투자 고객에게 최대 70% 유동성 공급",1
[시그널] 첫 날만 경쟁률 500대1?···카카오게임즈 IPO 열기 ‘후끈’,0
"[올댓차이나] 中증시, 반동 매수세에 소폭 상승 개장...창업판 0.06%↑",1
계속 오르는 '카카오·네이버'…나란히 연일 신고가 경신,1
"제이엘케이, 암 영역 추출 딥러닝 학습·분석 방법 특허취득",0
"NH증권, 진통 끝에 '옵티머스 70% 선지원'…""무이자 대출 지원""",0
"NH증권, 진통 끝에 '옵티머스 70% 선지원'…""3천억 무이자 대출 지원""",0
"공매도 금지 6개월 연장...금융당국, 금명간 발표",0
위안화 강세…기준환율 달러당 6.8위안대로 내려,1
'SK바이오팜·카카오게임즈'… 다음은 BTS..'빅히트',1
"NH투자증권, 옵티머스펀드 피해자에 최대 70% 선지원",0
"과학기술인공제회, VC·PEF 위탁운용사 선정 나선다",0
"그룹주펀드, 삼성보다 더 잘나간 그룹은?",0
달러-엔 106.050엔(11시09분 현재),0
"NH투자증권, 옵티머스 피해자에 최대 70% 선지원",0
"모더나 백신 노인층에게도 효과, 시장이 흥분하는 이유는?",0
"[fn마켓워치]과기공, PEF·VC에 1820억 출자",0
"사회적 거리두기 3단계 격상시 증시는? ""회복세 찬물…10% 조정 불가피""",-1
"[TF특징주] 아시아나항공·HDC현산, 공동투자 가능성에 동반 하락",-1
[속보]이중근 부영그룹 회장 … '횡령·배임' 징역 2년6개월 확정,-1
LG전자 중남미 지역서 `LG 벨벳` 잇따라 출시…글로벌 시장 공략 확대,1
"한경연 ""제조업 내수·수출 전망 개선…투자·고용은 제자리""",1
"[친절한 금·자씨] ""순매수 1위 상품 수익률이 -65%""... '곱버스 올라탈까' 고민된다면?",1
"이트론, 넷앤드와 통합 접근통제 솔루션 총판 계약 체결",1
"신한BNP피라바, 시니어론 4호펀드 6900억원 약정",0
기업 경영자 몰린 온라인 세미나...삼성증권 써밋에 1079개 상장사 참여,0
"[특징주]앤디포스, 강세…분자 진단키트 수출 허가",1
"삼성證, 기업CEO 대상 '언택트 세미나' 개최",1
[특징주]앤디포스 강세…분자 진단키트 수출 허가,1
"자산운용사 뱅가드 ""홍콩ㆍ일본 영업 접고 중국 본토 집중""",0
"[특징주] LG화학, ‘삼바’ 제치고 시총 4위 등극…5거래일 연속↑",1
"NH투자증권, 옵티머스운용 투자자에 최대 70% 유동성 지원",1
"[특징주]바디텍메드, 코로나19 진단키트 개발 및 수출 추진 소식에 상한가",1
"신한BNP파리바운용, 신한BNPP시니어론 4호 펀드 6900억원 약정",0
"금투협, 해외채권 투자분석' 과정 개설",1
"정부, 올해 역성장 시사…""0.1% 목표 달성 쉽지 않다""",1
"NH투자 ""옵티머스 투자자에 최대 70% 지원""",1
"유나이티드제약 ""코로나19 치료제 임상 성공 가능성 높아""",1
"""삼성전자, 3분기 영업이익 10조원"" 증권가 전망치 나와",0
"[단독][fn마켓워치] ‘본입찰D-1’ 효성캐피탈 인수전, 대신­-키움證 출사표",0
[특징주]잡히지 않는 코로나 확산세…원격근무株 ‘강세’,1
"CJ대한통운, 화물차 형광 반사띠 부착…교통안전문화 확산 앞장서",0
"신신제약, 파이코일바이오텍코리아 지분 7.59% 취득 결정",0
"1년4개월만의 거래재개, 이스트아시아 上",1
"한은, 올해 성장률 -1.3%로 대폭 하향…'코로나 재확산' 반영(종합2보)",1
"NH투자증권, 옵티머스 피해자에 최대 70% 선지급",0
"NH투자증권, 옵티머스 펀드 투자자에게 최대 70% 유동성 지원",1
"브리지텍, 한국관광공사와 21억6200만원 규모 공급계약",0
"[특징주] LG화학, 실적개선 전망·중국 CATL 화재사고에 52주 신고가",1
"이화공영, 190억원 규모 공급계약",0
[그래픽] 한국은행 경제성장률 전망,1
NH증권 결국엔…옵티머스 피해자 투자원금 최대 70% 돌려주기로,0
"NH투자증권, 옵티머스펀드 투자자에 최대 70% 선지원 결정",1
"삼성증권 '언택트 서밋'에 CEO 1,600명 몰렸다",0
[표]8월 한국은행 통화정책방향 문구 변화,0
"NH투자증권, 3억 이하 옵티머스 투자자에 70% 지원",1
"NH투자증권, 옵티머스 투자자에 최대 70% 선지원 결정",1
"NH투자증권, 옵티머스 투자자에 최대 70% 유동성 선지원",1
LG화학 100만원 목표주가 첫 등장...장중 사상 최고가 경신,1
"옵티머스 펀드 NH증권 가입자, 최고 70% 지원",1
"NH투자증권, 옵티머스 투자자에 최대 70% 유동성 선지원 결정",1
"NH투자증권, 옵티머스 투자자에 최대 70% 유동성 선지원키로",1
"에스티아이, 삼성전자와 348억원 규모 공급계약",0
"[itM]신한BNP파리바자산운용, 신한BNPP시니어론 4호 펀드 6900억원 약정",0
[전문]8월 한국은행 금통위 통화정책방향,0
"[특징주] LG화학, 실적개선 전망·중국 CATL 화재사고에 강세",1
"삼성증권, '언택트 세미나'에 상장사 1000여곳 참여",0
"이지케어텍, 삼광의료재단과 클라우드 및 의료 빅데이터 협업 위한 MOU 체결",1
"[특징주]에스맥·금호에이치티, 다이노나 임상 1상 승인에 강세",1
경로우대 65세 연령기준 상향 추진…각종 혜택도 재조정(종합),1
"브리지텍, 한국관광공사와 22억 규모 문자채팅 상담시스템 구축 계약",0
"[TF시황] 코스피, 코로나19 재확산 불안감에 장 초반 약세",-1
[TF특징주] '비대면 대장주' 카카오 사상 첫 40만 원 고지 넘었다,0
"[특징주]‘목표주가 100만원’ LG화학, ‘강세’…52주 최고가",1
"코스피, 코로나19 확진자 급증에 낙폭 확대…외국인·기관 '팔자'",1
투교협 '에너지 구조 변화와 석유산업 전망' 온라인 특강,0
"[특징주] 바디텍메드, 코로나19 독감 동시 진단키트 개발 소식에 '상한가'",0
美증시 버블 논쟁…모건스탠리 “조정 온다 ” vs JP모건 “더 간다”,0
순손실에도 장기간 과다 배당하는 기업들을 살펴보니,0
"다이노나, 항체신약 'DNP002' 국내 임상 1상 승인",1
[itM-특징주] 네이버·카카오 52주 신고가…상승세 다시 시동 걸릴까,1
[itM-특징주] 카카오·네이버 52주 신고가…상승세 다시 시동 걸릴까,1
"이트론, 넷앤드와 통합 접근통제 솔루션 총판계약 체결",1
"일동히알테크, 히알루론산 유도체 잔류물 제거 관련 특허 확보",0
"[fn오전시황]코스피, 보합권 등락...기관 나홀로 '팔자'",0
"[특징주] 에스맥, 자회사 고형암 신약 임상 소식에 급등",1
"[특징주] 제노포커스, 코로나19 진단용 효소 개발에 30%↑",1
"코스피, 코로나 우려에 장초반 혼조세…카카오 40만원 첫 돌파",-1
"일동히알테크, 히알루론산 제조법 특허 취득 ""품질 및 안전성 확보""",0
"코아스템, 루게릭병 치료제 한·미 동시 임상3상 하반기 착수",0
[특징주] 카카오 장중 40만원 첫 돌파…상장 후 처음,1
"이화공영, 190억 규모 주거복합 신축공사 수주",1
"한은, 올해 성장률 -0.2%→-1.3%로 대폭 하향(상보)",1
"""CEO도 언택트 학습시대"" 삼성證 언택트 세미나 성황리 개최",1
[특징주] 코로나19 백신 노년층 효과… 파미셀 등 '모더나 관련주' 급등,1
"[특징주] 에스맥, 다이노나 항체신약 임상 계획 승인에 15%↑",1
"에스티아이, 348억 규모 반도체 제조장비 공급계약",0
"[특징주] 콤텍시스템, 정부 비대면 서비스 투자 확대 기대에 강세",1
"한국은행, 기준금리 동결…코스피 낙폭 축소·코스닥 반등",0
"인프라웨어 자회사, RPG '아이들프린세스' 국내 사전예약 실시",0
"한은, 올해 성장률 -1.3%로 대폭 하향…'코로나 재확산' 반영(종합)",1
"[itM]동학개미, 코스피보다 코스닥서 돈 벌었다…효자는 ‘카카오·씨젠’",0
"[특징주] 케이피엠테크, '코로나 치료제' 국내 도입 추진… 7% 상승",1
"[특징주]에스맥, 자회사 다이노나 항체신약 임상1상 승인에 ‘급등’",1
[특징주]코로나19 위기감에…카카오 41만원 최고가 돌파,1
"삼성증권, 기업 CEO 대상 '언택트 써밋' 개최",1
"[속보] 한은, 올해 성장률 전망치 -0.2→-1.3% 대폭 하향",1
"일본 증시, 뉴욕 증시 강세에 0.09% 소폭 반등 개장",1
"[특징주]콤텍시스템, 강세…정부 비대면 서비스 투자 확대 기대",1
[itM-특징주] 엔씨소프트 장중 5%대 급등…7월 이후 최대 상승폭,1
"[시그널] 지놈앤컴퍼니, 산은 200억 투자유치···코스닥 이전상장 ‘파란불’",1
M&A에 울고 웃는 주가…딜 이후 주목하는 투심,1
"한은, 韓성장률 전망 -0.2%→-1.3%로 하향",1
"한은, 성장률 -0.2%→-1.3%로 하향",1
"[특징주] 원격근무株, 코로나19 확산에 강세",1
"[줌인리더스클럽]삼성증권, 해외주식 성장 ‘쑥쑥’",1
"지노믹트리, 검체 실온수송 가능한 다목적 용기 제조신고 완료",0
[특징주]카카오 사상 첫 40만원 고지...네이버도 52주 신고가,1
"삼성증권, 경영자 대상 언택트 세미나에 상장사 1079곳 참여",0
"[개장] 기관·외국인 '팔자'에 코스피, 장 초반 약보합… 2360선 등락",0
금융통화위원회 본회의 참석하는 이주열 총재,0
전국 빈집 거래망 구축…청년 농어촌 진입요건 낮춘다,0
금융통화위원회 본회의 참석한 이주열 총재,0
의사봉 두드리는 이주열 총재,0
의사봉 두드리는 이주열 한은 총재,0
"[특징주] 아시아나·HDC현산, 산은 공동투자 제안에 주가 엇갈려",1
"[마켓인사이트]중소 커피프랜차이즈 '카페 커피니', 기업회생절차 시작",0
"""기관 또 팔자""…코스피, 코로나 우려로 '하락'",-1
"A급 대림에너지, 500억 회사채 발행 추진",1
뉴욕증시 상승 마감...코스피는 장초반 약세,-1
2학기 수업도 불투명··· 초등 전 학년 전 과목 스마트학습 와이즈캠프 꾸준한 문의,0
뜨거운 한국증시도 하루 거래대금 30조 시대,0
코로나19 아파트 환기구 집담감염 의심..서울바이오시스 세계최초 UV기술 부각,0
[특징주] '비대면 대장주' 카카오 장중 40만원 첫 돌파,1
"[특징주] 필로시스헬스케어, 상한가 행진 이후 '급락'",-1
경로우대 65세 연령기준 상향 추진…각종 혜택도 재조정,1
"'언택트 3인방'…카카오·네이버·엔씨, 장초반 강세",1
"[특징주] 카카오, 40만원 첫 돌파…언택트·자회사 영향",1
[특징주]서울시장 출마설 솔솔...홍정욱 테마주 이틀째 급등,1
"NH증권 27일 이사회, 옵티머스 지원안 결론 나오나",0
"우진비앤지, 수해 축산농가 소독약품 지원",0
코스피 상승 출발 후 반락,0
"코스피, 상승 출발",0
'오늘 증시는',0
"[마켓인사이트]IB 앞세운 교보증권, 'AA급' 증권사로 도약하나",1
"[마켓인사이트]롯데지주, 계열사 실적부진에도 회사채 흥행",1
"[마켓인사이트]생명공학 사업 키우는 티사이언티픽, 사모 회사채 시장서 자금 조달",0
"렌딧 ""온투업 등록 준비 마무리 단계""",0
'아침 증시는',0
"[특징주] 앤디포스, 인플루엔자 분자 진단키트 수출허가 소식에 17.5%↑",1
"HDC현산, 커진 아시아나 인수 부담…장 초반 4%대↓",-1
상승 출발한 코스피,0
"유한양행, 신약파이프라인 개발 역량 주목-IBK",1
"코스피, 장 초반 기관 순매도에 약보합… 코스닥 840선 유지",0
"크리스탈 ""췌장암 대상 아이발티노스타트 조건부허가 신청 예정…첨생법 수혜 기대""",1
[itM-개장시황] 코스피 2371.95로 개장…장초반 약세,-1
대형 역세권 분양 어쩌면 마지막 기회··· ‘청량리역 롯데캐슬 SKY-L65 섹션 오피스’ 분양 앞둬,0
"지노믹트리, ‘다목적 검체 수송 배지’ 1등급 체외진단용 의료기기 제조신고 완료",0
"코스피, 상승 출발 후 하락 전환…2360선 후퇴",-1
"씨젠, 코로나19 재확산에 강세…25만원대 회복",1
"코스피, 코로나19 재확산 위기…눈치보며 보합권 등락",0
[특징주] 카카오 52주 신고가 경신…5거래일 연속 상승세,1
"[특징주] 알서포트, 재택근무 수요 증가 기대에 52주 신고가",1
"[특징주]상폐위기 벗어난 이스트아시아홀딩스, 거래재개 첫날 강세",1
"코스피, 개인 '사자'vs기관 '팔자'에 갈팡질팡",0
"[특징주] 에이비프로바이오, ‘모더나’ 코로나 백신 임상 성과 소식에 강세",1
[특징주] 카카오 장중 40만원 첫 돌파,1
코스피 상승 출발,0
"[itM-특징주]카카오, 장중 40만원 돌파",1
"[오전시황]상승 출발한 코스피, 이내 하락 전환",-1
"[특징주] 바디텍메드, 코로나·독감 판별 진단키트 개발에 '강세'",1
[특징주] 아시아나 공동투자 가능성…아시아나↑·현산↓,1
"""씨젠, 시장 기대 충족한 2분기 실적""-미래에셋대우",1
"[특징주] KNN, 홍정욱 서울시장 출마설에 관련주 '상승'",0
[특징주] 모더나 백신 노년층에도 '효과'…관련주 동반 급등,1
"[특징주] 바디텍메드, 코로나19·독감 동시 진단키트 개발에 '급등'",1
"대신증권, '리츠 전용 통합금융서비스' 개시",0
"대웅제약 ""식약처, 품질고도화 시스템 지원기업 선정""",0
따상은 따놓은 당상? 카카오게임즈 변수도 있다,1
‘아시아 최초 주유소 상장리츠’ 주목,1
"[특징주] 네이버·카카오, 연일 52주 신고가 행진",1
[특징주] 코로나19 확산에 원격근무주 강세,1
27일 코스피 소폭 상승 개장… 2370대,0
"LG화학, 석유화학 부문 프리미엄 작용…목표가 25%↑-하나금투",1
"[특징주] 테슬라 효과…LG화학, 52주 신고가",1
"""역시 카카오게임즈"" 공모 흥행 확실..'따상' 변수는 코벤펀드",1
북한 온라인 은행털이 해킹팀 '비글보이즈'…정찰총국 통제받아,0
[이슈타임]빅히트·카카오게임즈 하반기 공모주 '최대어' 뜬다,1
"[특징주]카카오, 40만원 돌파에 52주 신고가 경신",1
국내 소비자 마음 사로잡은 스웨덴 스타트업,0
"유니슨, 그린뉴딜 핵심 수혜주 기대감에 '신고가'",1
코로나19에 여름특수까지···푸드나무 실적 기대↑,1
"[특징주]바디텍메드, 독감 대유행 앞두고 코로나19·독감 한번에 진단",0
"KB證 ""삼성전자, 3분기 영업이익 7분기 만에 10조원대 전망""",0
"코스닥, 외인·기관 동반 팔자에 하락…830선",0
"[특징주]이스트아시아홀딩스, 상장유지 결정에 거래 재개..혼조",0
"태광, 3Q 실적 정상화 될 것…목표주가 '유지'-한화",0
"[특징주] 에이비프로바이오, 모더나 코로나19 백신 실험 성과에 22%↑",1
"[특징주]바디텍메드, 코로나19·독감 동시 판별 진단키트 개발에 '급등'",1
달러-엔 105.830엔(09시09분 현재),0
"현대차, 판매 회복세…목표가 33%↑-이베스트",1
"[업종공략] 디스플레이, 의류, 한솔케미칼",0
코스피·코스닥 보합권 혼조세…환율 1.5원↑(2보),1
"시노펙스, 베트남 공장 추가 인수…""FPCB사업 고도·다각화""",0
코스닥 하락 전환..841.04(-0.04%),-1
코스피 하락 전환..2369.07(-0.01%),-1
"현대차, 미국 시장서 턴어라운드 가시화···목표가↑",1
"현대차증권, '이스트스프링 미 회사채 펀드' 판매",0
"[뉴욕증시]넷플릭스, 11.6% 급등…1년반만에 일일 최대폭 상승",1
"[시황]코스피 2371.95(▲0.11%), 코스닥 842.38(▲0.12%), 원·달러 환율 1185.1원(▼1.7원) 개장",0
[코스닥(개장)]전일보다 0.12%(1.03포인트) 오른 842.38포인트로 출발,0
[코스닥] 1.03p(0.12%) 오른 842.38 출발,0
[코스닥]오전9시1분 1.03포인트(0.12%) 오른 842.38,0
"[코스피(개장)]전일보다 0.11%(2.63포인트) 오른 2,371.95포인트로 출발",0
[코스피] 2.63p(0.11%) 오른 2371.95 출발,0
[코스피]오전9시1분 2.63포인트(0.11%) 오른 2371.95,0
"KB증권 ""삼성전자, 3분기 서프라이즈 예상…목표가↑""",1
"코스닥, 1.03p(0.12%) 오른 842.38 개장",0
"코스피, 2.63p(0.11%) 오른 2371.95 개장",0
"코스피, 2.63p(0.11%) 오른 2371.95 출발, 원/달러 환율 1.7원 내린 1185.1원 출발",0
"코스닥, 1.03p 오른 842.38 출발(0.12%↑)",1
"코스피, 2.63p 오른 2371.95 출발(0.11%↑)",1
"""NH證, 옵티머스 보상안 단기해소 쉽지 않을 것""-현대차증권",0
"[스팟]코스닥, 1.03p(0.12%) 오른 842.38 출발",0
"[스팟]코스피, 2.63p(0.11%) 오른 2371.95 출발",0
[출발]코스피 개인 537억 순매수,0
[출발]코스피 기관 446억 순매도,0
[출발]코스피 외국인 80억 순매도,0
[출발]코스닥 상승..842.38(+0.12%),0
[출발]코스피 상승..2371.95(+0.11%),0
[출발]프로그램 353억 매도우위,1
[출발]환율 하락..1185.1(-1.7원),-1
日증시 상승 출발..닛케이 23311.04(+0.09%),0
"[마켓인]제주창조경제혁신센터, 카카오패밀리 등 스타트업 3곳에 시드 투자",1
[출발]국채선물 상승..112.16 +3틱,0
[출발]지수선물 상승..314.50(+0.50p),0
"이베스트證 ""현대차, 美시장 실적·원가율 개선…목표주가↑""",1
"삼성증권, 기업CEO 대상 언택트 세미나…1000여 곳 상장사 발길",0
"우진비앤지, 수해 축산농가 위해 1000만원 상당 소독약품 지원",0
"""웅진씽크빅, 하반기 실적 개선 가능성에 주목""-현대차증권",1
[오늘장 미리보기] 제약·바이오 상승 예상…2차전지·5G 관심,0
"엘앤케이바이오, 최소침습수술용 경추 스크류 로봇수술기법 개발 진행",0
"인프라웨어 자회사, RPG `아이들프린세스` 국내 사전예약 시작",0
코로나19 백신 개발 성과…'모더나' 관련주 어디있나?,0
"삼부토건, 천안 삼부르네상스 사기 피해 논란...‘속사정’은?",-1
"신한금투 ""YG엔터, 하반기 블핑·트레저 효과에 음반판매↑""",1
"""SK텔레콤, 통신사업 견고하고 비통신사업도 성장···목표가↑""",1
[객장의시선]오늘 장 '상승' 전망…'성장·현금·R&D' 주목,1
"[속보] 홍남기 ""경로우대 개선 TF 만들어 제도개선 논의""",0
코로나19 백신 실험서 성과… '모더나 관련주' 파미셀·에이비프로바이오 주목,1
[표]해외 DR 가격(8월 26일),0
"국제유가, 혼조세...WTI 0.09% 상승",0
[표]해외 주요 증시 동향(8월 26일),0
"YG엔터테인먼트, 하반기 음반 판매 증가 예상…목표가 6만원↑-신한금융투자",1
[마켓브리핑] 재무개선 고삐조이는 SK그룹···장기자금조달 확대,0
"SK텔레콤 목표가 15% 상향, 자회사 매출기여 증가세-이베스트證",1
"허리띠 졸라맨 CJ, 하반기 성과 가시화 기대-하나",1
"[Hot-Line] ""NH투자증권, 2분기 양호한 실적 달성""",1
[외환브리핑]잭슨홀 파월 연설 대기 속 성장률전망치 조정 주시,1
"SKT, 본업 견조한 성장성+탈통신 고성장…목표가↑-이베스트",1
"""확진자수 급증으로 변동성 커져…'로우볼'에 언택트 추가""",0
[뉴욕증시]지표 호조·기술주 강세....나스닥·S&P 또 신고가,1
"CJ, 적극적인 재무개선 노력…주가 우상향 기대-하나",1
"인프라웨어 자회사, 미소녀 방치형 RPG ‘아이들프린세스’ 국내 사전예약 시작",1
"현대차證 ""이노션, 중장기 성장기조 유효""",1
"현대차證 ""웅진씽크빅, 비대면 확대·부채비율 개선""",-1
"""NH투자證, 옵티머스 등 불확실성에도 양호한 실적 달성"" -현대차",1
"인프라웨어 자회사, 기대작 RPG ‘아이들프린세스’ 국내 사전예약 시작",1
"상아프론테크, 황사·방역 마스크 출시…마스크 사업 진출",1
"""전기차에 글로벌 석유수요 회복까지···LG화학, 100만원갈 것""",0
"[STOCK] YG엔터, 블랙핑크 컴백·트레저 데뷔 효과… 목표주가↑",1
"LG화학···글로벌 석유 수요 회복세, 목표가 100만원",0
"상아프론테크, 마스크 시장 진출…의료기기 전문기업 도약",1
"아이앤브이게임즈, '아이들프린세스' 국내 사전예약 시작",0
"이베스트證 ""현대차, 하반기 신차효과에 맑음…목표가↑""",1
"조아제약, 형질전환 돼지서 재조합 인성장호르몬 분리한 연구결과 발표",1
"""삼성전자, 어닝서프라이즈 기대…목표가↑""-KB證",1
"[STOCK] 삼성전자, 3Q 영업익 10조… 폰·TV로 ‘서프라이즈’ 예고",0
"[빅데이터MSI]시장심리 톱5, 카카오·현대위아·KB금융·SK텔레콤·현대모비스",0
"팬엔터, '겨울연가2' 제작 본격화-SK증권",0
"코로나 확산세, 소비주체가 생산주체보다 더 충격",-1
"""'비둘기' 연준, 2%대 고물가에도 금리 안 올릴 것""",0
"씨젠, 코로나19 제3국면 돌입에 키트 수요 증가…목표가↑-미래",1
"""호황 반영 아닌 산업 구조변화 기인…주도주 많은 이유""",0
"DB금융투자 ""제이콘텐트리, 방송 성장·영화 회복세""",1
"SK하이닉스, 3분기 부진도 불가피…목표가↓-DB금투",-1
"동구바이오, 상반기 영업익 59억원..""투자결실 기대""",1
"청담러닝, 중국 시장 진출…로열티 수익↑-하나금융투자",1
"디엔에이링크 ""美FDA 긴급사용승인 절차 이상無""",1
"이노션, 3분기 영업이익 전년비 19% 감소 전망-현대차",0
"제이콘텐트리, 영화 부진 반영한 실적 추정치 하향…목표가↓-DB",-1
"[Hot-Line] ""LG화학, 석유화학 부문 호실적이 고평가 부담 완화…목표가 100만원""",1
"[Hot-Line] ""푸드나무, 하반기 수익성 개선 구간 진입""",0
"동구바이오제약, 디앤디파마텍 등 투자 3사 연내 상장 예정",1
"홍남기 ""코로나 재확산 피해 대비 추가대책 적극 강구""",-1
"하나금투 ""청담러닝, 3분기 중국JV 설립 마무리할 듯""",0
"한화솔루션, 2021년 석유화학·태양광 모두 호조…목표가↑-하나",1
"[클릭e종목]""동화기업, 2차전지 사업은 이제 시작""",0
"YG엔터, 하반기 음반 판매 증가 기대…목표가↑-신한",1
"[오늘의 환율전망] 원/달러 환율, 1181~1184원 출발 전망",0
"제이콘텐트리, 영화 부진은 기반영·방송은 우상향-DB",0
"동화기업, 동화일렉트로라이트 실적 기여 본격화-KB증권",0
"현대차, 판매·원가율 지속 개선…목표가 22만 -이베스트",0
[국제유가] 미국 허리케인에 공급 불안·재고 감소… WTI 0.1%↑,0
[빅데이터MSI]27일 오전 주식시장 심리 3단계 '약간 나쁨',0
"NH투자증권, 오늘 이사회..옵티머스 선지원되나",1
"태광, 3분기 실적 정상화될 것-한화",0
국내 증시 불확실성 여전..모더나 백신 통할까,-1
"""LG화학, 연말까지 수익성 호조 지속…목표가↑""-메리츠증권",1
[뉴스새벽배송]뉴욕 증시 또 신고가…한은 수정 경제 전망 주시,1
"LIG넥스원, 성장추세 진입할 것-IBK",1
[일일펀드동향] 국내 채권형펀드에 하루 만에 2600억 순유입,0
"NH證 3분기에도 IB딜 증가 수혜, 옵티머스 영향 제한적-현대차證",1
"동화기업, 2차전지 소재 사업이 실적 견인할 것-KB",0
"현대차, 美서 실적 턴어라운드 가시화-이베스트",0
"현대차, 美 턴어라운드 가시화 단계…목표가↑-이베스트證",1
"엘앤케이바이오, 美FDA 승인 경추 수술기구로 3조원 시장 공략",1
"웅진씽크빅, 비대면 강화로 성장동력 확보…하반기 개선 전망-현대차",1
“1조 깎아준다” 이동걸 파격제안에 장고 들어간 현산,0
"[클릭 e종목]""제이콘텐트리, 주가에 방송 기대감 미반영""",1
"동화기업, 2차 전지 소재 사업으로 확장 기대-KB증권",1
[굿모닝 증시]시장에 주도주가 다양하게 나타나는 이유,0
[표]미국 주요기업 주가(8/26),0
[표]미래에셋대우 등 코스피 자사주 신청내역(27일),0
[표]엘엠에스 등 코스닥 자사주 신청내역(27일),0
[표]코스닥 외국인 연속 순매수 종목(26일),0
[표]코스피 외국인 연속 순매수 종목(26일),0
[표]해외 한국 DR(8/26),0
[표]코스닥 외국인 연속 순매도 종목(26일),0
[표]코스피 외국인 연속 순매도 종목(26일),0
"웅진씽크빅, 비대면 서비스로 새로운 성장동력 확보중-현대차證",1
[증시일정-27일],0
미래 먹거리를 오롯이...증권맨들이 SK를 주목하는 이유,1
"LG화학, 이제 석유화학에 주목…목표가 100만 -하나",1
"LIG넥스원, 성장추세 진입전망 -IBK투자증권",1
코로나 속 신용도 오른 증권사들의 공통점은,0
"LG화학, 석유화학도 턴어라운드…목표가 100만원-하나",0
"SK하이닉스, 3Q 부진에 목표가↓…언택트 IT추세 변화 유효-DB",-1
"이노션, 2분기 바닥찍고 3분기부터 회복-현대차證",0
"SK하이닉스, 3분기도 부진할 듯…목표가↓-DB",-1
"한화솔루션, 2021년 사상 최대 실적 전망-하나금융투자",1
"YG, 하반기 음반 판매 증가 기대-신한금융투자",1
